Name,Type,CR,Page,,,CR (Decimal)
Awakened Shrub,Plant,0.0,317,No letter = Monster Manual,,0.00
Baboon,Beast,0.0,318,V = Volo's guide to monsters,,0.00
Badger,Beast,0.0,318,MK = Mordenkainens tome of foes,,0.00
Bat,Beast,0.0,318,W = Explorers guide to Wildemount,,0.00
Cat,Beast,0.0,320,,,0.00
Commoner,Humanoid,0.0,345,,,0.00
Crab,Beast,0.0,320,,,0.00
Cranium Rat,Beast,0.0,V133,,,
Crawling Claw,Undead,0.0,44,,,0.00
Deer,Beast,0.0,321,,,0.00
Eagle,Beast,0.0,322,,,0.00
Frog,Beast,0.0,322,,,0.00
Giant Fire Beetle,Beast,0.0,325,,,0.00
Goat,Beast,0.0,330,,,0.00
Hawk,Beast,0.0,330,,,0.00
Homunculus,Construct,0.0,188,,,0.00
Hyena,Beast,0.0,331,,,0.00
Jackal,Beast,0.0,331,,,0.00
Lemure,Fiend (Devil),0.0,76,,,0.00
Lizard,Beast,0.0,332,,,0.00
Myconid Sprout,Plant,0.0,230,,,0.00
Octopus,Beast,0.0,333,,,0.00
Owl,Beast,0.0,333,,,0.00
Quipper,Beast,0.0,335,,,0.00
Rat,Beast,0.0,335,,,0.00
Raven,Beast,0.0,335,,,0.00
Scorpion,Beast,0.0,337,,,0.00
Sea Horse,Beast,0.0,337,,,0.00
Shrieker,Plant,0.0,138,,,0.00
Spider,Beast,0.0,337,,,0.00
Vulture,Beast,0.0,339,,,0.00
Weasel,Beast,0.0,340,,,0.00
Bandit,Humanoid,0.125 (1/8),343,,,0.13
Blood Hawk,Beast,0.125 (1/8),319,,,0.13
Boggle,Fey,0.125 (1/8),V128,,,
Camel,Beast,0.125 (1/8),320,,,0.13
Cultist,Humanoid,0.125 (1/8),345,,,0.13
Diseased Giant Rat,Beast,0.125 (1/8),327,,,
Dolphin,Beast,0.125 (1/8),V208,,,
Flumph,Aberration,0.125 (1/8),135,,,0.13
Flying Snake,Beast,0.125 (1/8),322,,,0.13
Giant Crab,Beast,0.125 (1/8),324,,,0.13
Giant Rat,Beast,0.125 (1/8),327,,,0.13
Giant Weasel,Beast,0.125 (1/8),329,,,0.13
Guard,Humanoid,0.125 (1/8),347,,,0.13
Kobold,Humanoid,0.125 (1/8),195,,,0.13
Manes,Fiend (Demon),0.125 (1/8),60,https://www.aidedd.org/dnd/monstres.php?vo=manes,,0.13
Mastiff,Beast,0.125 (1/8),332,,,0.13
Merfolk,Humanoid,0.125 (1/8),218,,,0.13
Monodrone,Construct,0.125 (1/8),224,,,0.13
Mule,Beast,0.125 (1/8),333,,,0.13
Neogi Hatchling,Aberration,0.125 (1/8),V179,,,
Noble,Humanoid,0.125 (1/8),348,,,0.13
Poisonous Snake,Beast,0.125 (1/8),334,,,0.13
Pony,Beast,0.125 (1/8),335,,,0.13
Slaad Tadpole,Aberration,0.125 (1/8),276,,,0.13
Stirge,Beast,0.125 (1/8),284,,,0.13
Tribal Warrior,Humanoid,0.125 (1/8),350,,,0.13
Twig Blight,Plant,0.125 (1/8),32,,,0.13
Xvart,Humanoid,0.125 (1/8),V200,,,
Young Kruthik,Monstrosity,0.125 (1/8),MK211,,,
Aarakocra,Humanoid,0.25 (1/4),12,,,0.25
Abyssal Wretch,Fiend (Demon),0.25 (1/4),MK136,https://www.worldanvil.com/block/1145271,,
Acolyte,Humanoid,0.25 (1/4),342,,,0.25
Apprentice Wizard,Humanoid,0.25 (1/4),V209,,,
Axe Beak,Beast,0.25 (1/4),317,,,0.25
Blink Dog,Fey,0.25 (1/4),318,,,0.25
Boar,Beast,0.25 (1/4),319,,,0.25
Bullywug,Humanoid,0.25 (1/4),35,,,0.25
Constrictor Snake,Beast,0.25 (1/4),320,,,0.25
Cow,Beast,0.25 (1/4),V207,,,
Derro,Humanoid,0.25 (1/4),MK158,,,
Dimetrodon,Beast,0.25 (1/4),V139,,,
Draft Horse,Beast,0.25 (1/4),321,,,0.25
Dretch,Fiend (Demon),0.25 (1/4),57,,,0.25
Drow,Humanoid,0.25 (1/4),128,,,0.25
Duodrone,Construct,0.25 (1/4),225,,,0.25
Elk,Beast,0.25 (1/4),322,,,0.25
Flying Sword,Construct,0.25 (1/4),20,,,0.25
Giant Badger,Beast,0.25 (1/4),323,,,0.25
Giant Bat,Beast,0.25 (1/4),323,,,0.25
Giant Centipede,Beast,0.25 (1/4),323,,,0.25
Giant Frog,Beast,0.25 (1/4),325,,,0.25
Giant Lizard,Beast,0.25 (1/4),326,,,0.25
Giant Owl,Beast,0.25 (1/4),327,,,0.25
Giant Poisonous Snake,Beast,0.25 (1/4),327,,,0.25
Giant Wolf Spider,Beast,0.25 (1/4),330,,,0.25
Gnoll Witherling,Undead,0.25 (1/4),V155,,,
Goblin,Humanoid,0.25 (1/4),166,,,0.25
Grimlock,Humanoid,0.25 (1/4),175,,,0.25
Grung,Humanoid,0.25 (1/4),V156,,,
Hadrosaurus,Beast,0.25 (1/4),V140,,,
Kenku,Humanoid,0.25 (1/4),194,,,0.25
Kobold Inventor,Humanoid,0.25 (1/4),V166,,,
Kuo-Toa,Humanoid,0.25 (1/4),199,,,0.25
Male Steeder,Monstrosity,0.25 (1/4),MK238,,,
Mud Mephit,Elemental,0.25 (1/4),216,,,0.25
Needle Blight,Plant,0.25 (1/4),32,,,0.25
Oblex Spawn,Ooze,0.25 (1/4),MK217,,,
Panther,Beast,0.25 (1/4),333,,,0.25
Pixie,Fey,0.25 (1/4),253,,,0.25
Pseudodragon,Dragon,0.25 (1/4),254,,,0.25
Pteranodon,Beast,0.25 (1/4),80,,,0.25
Riding Horse,Beast,0.25 (1/4),336,,,0.25
Skeleton,Undead,0.25 (1/4),272,,,0.25
Smoke Mephit,Elemental,0.25 (1/4),217,,,0.25
Sprite,Fey,0.25 (1/4),283,,,0.25
Star Spawn Grue,Aberration,0.25 (1/4),MK234,,,
Steam Mephit,Elemental,0.25 (1/4),217,,,0.25
Swarm of Bats,Beast,0.25 (1/4),337,,,0.25
Swarm of Rats,Beast,0.25 (1/4),339,,,0.25
Swarm of Ravens,Beast,0.25 (1/4),339,,,0.25
The Wretched,Monstrosity,0.25 (1/4),MK233,,,
Tortle,Humanoid (Tortle),0.25 (1/4),MK242,,,
Troglodyte,Humanoid,0.25 (1/4),290,,,0.25
Vegepygmy,Plant,0.25 (1/4),V196,,,
Velociraptor,Beast,0.25 (1/4),V140,,,
Violet Fungus,Plant,0.25 (1/4),138,,,0.25
Winged Kobold,Humanoid,0.25 (1/4),195,,,0.25
Wolf,Beast,0.25 (1/4),341,,,0.25
Zombie,Undead,0.25 (1/4),316,,,0.25
Ape,Beast,0.5 (1/2),317,,,0.50
Black Bear,Beast,0.5 (1/2),318,,,0.50
Chitine,Monstrosity,0.5 (1/2),V131,,,
Cockatrice,Monstrosity,0.5 (1/2),42,,,0.50
Crocodile,Beast,0.5 (1/2),320,,,0.50
Darkling,Fey,0.5 (1/2),V134,,,
Darkmantle,Monstrosity,0.5 (1/2),46,,,0.50
Dust Mephit,Elemental,0.5 (1/2),215,,,0.50
Firenewt,Humanoid,0.5 (1/2),V142,,,
Gas Spore,Plant,0.5 (1/2),138,,,0.50
Gazer,Aberration,0.5 (1/2),V126,,,
Giant Goat,Beast,0.5 (1/2),326,,,0.50
Giant Sea Horse,Beast,0.5 (1/2),328,,,0.50
Giant Wasp,Beast,0.5 (1/2),329,,,0.50
Gnoll,Humanoid,0.5 (1/2),163,,,0.50
Gnoll Hunter,Humanoid,0.5 (1/2),V154,,,
"Gnome, Deep (Svirfneblin)",Humanoid,0.5 (1/2),164,,,0.50
Gray Ooze,Ooze,0.5 (1/2),243,,,0.50
Hobgoblin,Humanoid,0.5 (1/2),186,,,0.50
Ice Mephit,Elemental,0.5 (1/2),215,,,0.50
Jackalwere,Humanoid,0.5 (1/2),193,,,0.50
Lizardfolk,Humanoid,0.5 (1/2),204,,,0.50
Magma Mephit,Elemental,0.5 (1/2),216,,,0.50
Magmin,Elemental,0.5 (1/2),212,,,0.50
Myconid Adult,Plant,0.5 (1/2),232,,,0.50
Nupperibo,Fiend (Devil),0.5 (1/2),MK168,,,
Orc,Humanoid,0.5 (1/2),246,,,0.50
Orc Nurtured One of Yurtrus,Humanoid,0.5 (1/2),V184,,,
Piercer,Monstrosity,0.5 (1/2),252,,,0.50
Reef Shark,Beast,0.5 (1/2),336,,,0.50
Rust Monster,Monstrosity,0.5 (1/2),262,,,0.50
Sahuagin,Humanoid,0.5 (1/2),263,,,0.50
Satyr,Fey,0.5 (1/2),267,,,0.50
Scout,Humanoid,0.5 (1/2),349,,,0.50
Shadow,Undead,0.5 (1/2),269,,,0.50
Skulk,Humanoid,0.5 (1/2),MK227,,,
Swarm of Insects,Beast,0.5 (1/2),338,,,0.50
Swarm of Rot Grubs,Beast,0.5 (1/2),V208,,,
Thug,Humanoid,0.5 (1/2),350,,,0.50
Tridrone,Construct,0.5 (1/2),225,,,0.50
Vine Blight,Plant,0.5 (1/2),32,,,0.50
Warhorse,Beast,0.5 (1/2),340,,,0.50
Warhorse Skeleton,Undead,0.5 (1/2),273,,,0.50
Worg,Monstrosity,0.5 (1/2),341,,,0.50
Animated Armor,Construct,01,19,,,1.00
"Brass Dragon, Wyrmling",Dragon,01,106,,,1.00
Bronze Scout,Construct,01,MK125,,,
Brown Bear,Beast,01,319,,,1.00
Bugbear,Humanoid,01,33,,,1.00
Choker,Aberration,01,MK123,,,
"Copper Dragon, Wyrmling",Dragon,01,112,,,1.00
Core Spawn Crawler,Aberration,01,W286,,,
Death Dog,Monstrosity,01,321,,,1.00
Deinoychus,Beast,01,V139,,,
Dire Wolf,Beast,01,321,,,1.00
Dryad,Fey,01,121,,,1.00
Duergar,Humanoid (Dwarf),01,122,,,1.00
Duergar Soulblade,Humanoid (Dwarf),01,MK190,,,
Faerie Dragon,Dragon,01,133,,,1.00
Female Steeder,Monstrosity,01 ,MK238,,,
Fire Snake,Elemental,01,265,,,1.00
Firenewt Warlock of Imix,Humanoid,01,V143,,,
Ghoul,Undead,01,148,,,1.00
Giant Eagle,Beast,01,324,,,1.00
Giant Hyena,Beast,01,326,,,1.00
Giant Octopus,Beast,01,326,,,1.00
Giant Spider,Beast,01,328,,,1.00
Giant Strider,Monstrosity,01,V143,,,
Giant Toad,Beast,01,329,,,1.00
Giant Vulture,Beast,01,329,,,1.00
Gnoll Flesh Gnawer,Humanoid,01,V154,,,
Goblin Boss,Humanoid,01,166,,,1.00
Grung Wildling,Humanoid,01,V157,,,
Half Ogre,Giant,01,238,,,1.00
Harpy,Monstrosity,01,181,,,1.00
Hippogriff,Monstrosity,01,184,,,1.00
Husk Zombie,Undead,01,W293,,,
Imp,Fiend (Devil),01,76,,,1.00
Kobold Dragonshield,Humanoid,01,V165,,,
Kobold Scale Sorcerer,Humanoid,01,V167,,,
Kuo-Toa Whip,Humanoid,01,200,,,1.00
Lion,Beast,01,331,,,1.00
Maw Demon,Fiend (demon),01,V137,https://5e.tools/bestiary/maw-demon-vgm.html,,
Meazel,Humanoid (Meazel),01,MK214,,,
Moorbounder,Beast,01,W295,,,
Nilbog,Humanoid,01,V182,,,
Quadrone,Construct,01,226,,,1.00
Quaggoth Spore Servant,Plant,01,230,,,1.00
Quasit,Fiend (Demon),01,63,,,1.00
Quickling,Fey,01,V187,,,
Scarecrow,Construct,01,268,,,1.00
Sea Spawn,Humanoid,01,V189,,,
Specter,Undead,01,279,,,1.00
Spy,Humanoid,01,349,,,1.00
Stone Cursed,Construct,01,MK240,,,
Swarm of Quippers,Beast,01,338,,,1.00
Thorny,Plant,01,V197,,,
Thri-Kreen,Humanoid,01,288,,,1.00
Tiger,Beast,01,339,,,1.00
Vargouille,Fiend,01,V195,,,
Xvart Warlock of Raxivort,Humanoid,01,V200,,,
Yuan-Ti Pureblood,Monstrosity,01,310,,,1.00
Adult Kruthik,Monstrosity,02,MK212,,,
Allosaurus,Beast,02,79,,,2.00
Ankheg,Monstrosity,02,21,,,2.00
Aurochs,Beast,02,V207,,,
Awakened Tree,Plant,02,317,,,2.00
Azer,Elemental,02,22,,,2.00
Bandit Captain,Humanoid,02,344,,,2.00
Bard,Humanoid,02,V211,,,
Berbalang,Aberration,02,MK120,,,
Berserker,Humanoid,02,344,,,2.00
"Black Dragon, Wyrmling",Dragon,02,88,,,2.00
"Bronze Dragon, Wyrmling",Dragon,02,109,,,2.00
Carrion Crawler,Monstrosity,02,37,,,2.00
Centaur,Monstrosity,02,38,,,2.00
Cult Fanatic,Humanoid,02,345,,,2.00
Darkling Elder,Fey,02,V134,,,
Druid,Humanoid,02,346,,,2.00
Duergar Hammerer,Humanoid (Dwarf),02,MK188,,,
Duergar Kavalrachni,Humanoid (Dwarf),02,MK189,,,
Duergar Mind Master,Humanoid (Dwarf),02,MK189,,,
Duergar Stone Guard,Humanoid (Dwarf),02,MK191,,,
Duergar Xarrorn,Humanoid (Dwarf),02,MK193,,,
Ettercap,Monstrosity,02,131,,,2.00
Faerie Dragon,Dragon,02,133,,,2.00
Gargoyle,Elemental,02,140,,,2.00
Gelatinous Cube,Ooze,02,242,,,2.00
Ghast,Undead,02,148,,,2.00
Giant Boar,Beast,02,323,,,2.00
Giant Constrictor Snake,Beast,02,324,,,2.00
Giant Elk,Beast,02,325,,,2.00
Gibbering Mouther,Aberration,02,157,,,2.00
Githzerai Monk,Humanoid,02,161,,,2.00
Gnoll Pack Lord,Humanoid,02,163,,,2.00
"Green Dragon, Wyrmling",Dragon,02,95,,,2.00
Grick,Monstrosity,02,173,,,2.00
Griffon,Monstrosity,02,174,,,2.00
Grung Elite Warrior,Humanoid,02,V157,,,
Guard Drake,Dragon,02,V158,,,
Hobgoblin Iron Shadow,Humanoid,02,V162,,,
Hunter Shark,Beast,02,330,,,2.00
Intellect Devourer,Aberration,02,191,,,2.00
Lizardfolk Shaman,Humanoid,02,205,,,2.00
Meenlock,Fey,02,V170,,,
Merrow,Monstrosity,02,219,,,2.00
Mimic,Monstrosity,02,220,,,2.00
Minotaur Skeleton,Undead,02,273,,,2.00
Myconid Sovereign,Plant,02,232,,,2.00
Nothic,Aberration,02,236,,,2.00
Ochre Jelly,Ooze,02,243,,,2.00
Ogre,Giant,02,237,,,2.00
Ogre Bolt Launcher,Giant,02,MK220,,,
Ogre Howdah,Giant,02,MK221,,,
Ogre Zombie,Undead,02,316,,,2.00
Orc Claw of Luthic,Humanoid,02,V183,,,
Orc Eye of Gruumsh,Humanoid,02,247,,,2.00
Orc Hand of Yurtrus,Humanoid,02,V184,,,
Orog,Humanoid,02,247,,,2.00
Pegasus,Celestial,02,250,,,2.00
Pentadrone,Construct,02,226,,,2.00
Peryton,Monstrosity,02,251,,,2.00
Plesiosaurus,Beast,02,80,,,2.00
Polar Bear,Beast,02,334,,,2.00
Priest,Humanoid,02,348,,,2.00
Quaggoth,Humanoid,02,256,,,2.00
Quetzalcoatlus,Beast,02,V140,,,
Rhinoceros,Beast,02,336,,,2.00
Rug of Smothering,Construct,02,20,,,2.00
Rutterkin,Fiend (demon),02,MK136,,,
Saber-Toothed Tiger,Beast,02,336,,,2.00
Sahuagin Priestess,Humanoid,02,264,,,2.00
Sea Hag,Fey,02,179,,,2.00
Shadow Mastiff,Monstrosity,02,V190,,,
"Silver Dragon, Wyrmling",Dragon,02,118,,,2.00
Spined Devil,Fiend (Devil),02,78,,,2.00
Swarm of Poisonous Snakes,Beast,02,338,,,2.00
Tortle Druid,Humanoid (Tortle),02,MK242,,,
Vegepygmy Chief,Plant,02,V197,,,
Wererat,Humanoid,02,209,,,2.00
"White Dragon, Wyrmling",Dragon,02,102,,,2.00
Will-O'-Wisp,Undead,02,301,,,2.00
Yuan-Ti Broodguard,Monstrosity,02,V203,,,
Ankylosaurus,Beast,03,79,,,3.00
Archer,Humanoid,03,V210,,,
Basilisk,Monstrosity,03,24,,,3.00
Bearded Devil,Fiend (Devil),03,70,,,3.00
"Blue Dragon, Wyrmling",Dragon,03,91,,,3.00
Bristled Moorbounder,Beast,03,W295,,,
Bugbear Chief,Humanoid,03,33,,,3.00
Bulezau,Fiend,03,MK131,,,
Cave Fisher,Monstrosity,03,V130,,,
Choldrith,Monstrosity,03,V132,,,
Deathlock Wight,Undead,03,MK129,,,
Deep Scion,Humanoid,03,V135,,,
Derro Savant,Humanoid,03,MK159,,,
Displacer Beast,Monstrosity,03,81,,,3.00
Doppelganger,Monstrosity,03,82,,,3.00
Duergar Screamer,Construct,03,MK190,,,
Flail Snail,Elemental,03,V144,,,
Giant Scorpion,Beast,03,327,,,3.00
Giff,Humanoid,03,MK204,,,
Githyanki Warrior,Humanoid,03,160,,,3.00
"Gold Dragon, Wyrmling",Dragon,03,115,,,3.00
Green Hag,Fey,03,177,,,3.00
Grell,Aberration,03,172,,,3.00
Hell Hound,Fiend,03,182,,,3.00
Hobgoblin Captain,Humanoid,03,186,,,3.00
Hook Horror,Monstrosity,03,189,,,3.00
Illusionist,Humanoid,03,V214,,,
Killer Whale,Beast,03,331,,,3.00
Knight,Humanoid,03,347,,,3.00
Leocrotta,Monstrosity,03,V169,,,
Manticore,Monstrosity,03,213,,,3.00
Martial Arts Adept,Humanoid,03,V216,,,
Merrenoloth,Fiend (Yugoloth),03,MK250,,,
Minotaur,Monstrosity,03,223,,,3.00
Mummy,Undead,03,228,,,3.00
Neogi ,Aberration,03,V180,,,
Nergaliid,Fiend (Devil),03,W296,,,
Nightmare,Fiend,03,235,,,3.00
Ogre Chain Brute,Giant,03,MK221,,,
Orc Red Fang of Shargaas,Humanoid,03,V185,,,
Owlbear,Monstrosity,03,249,,,3.00
Phase Spider,Monstrosity,03,334,,,3.00
Redcap,Fey,03,V188,,,
Sahuagin Warlock of Uk'otoa,Humanoid (Sahuagin),03,W297,,,
Slithering Tracker,Ooze,03,V191,,,
Spectator,Aberration,03,30,,,3.00
Swashbuckler,Humanoid,03,V217,,,
Sword Wraith Warrior,Undead,03,MK241,,,
Trapper,Monstrosity,03,V194,,,
Vampiric Mist,Undead,03,MK246,,,
Veteran,Humanoid,03,350,,,3.00
Water Weird,Elemental,03,299,,,3.00
Werewolf,Humanoid,03,211,,,3.00
Wight,Undead,03,300,,,3.00
Winter Wolf,Monstrosity,03,340,,,3.00
Yeti,Monstrosity,03,305,,,3.00
Yuan-Ti Malison,Monstrosity,03,309,,,3.00
Babau,Fiend (demon),04,V136,,,
Banshee,Undead,04,23,,,4.00
Barghest,Fiend,04,V123,,,
Black Pudding,Ooze,04,241,,,4.00
Bone Naga,Undead,04,233,,,4.00
Chuul,Aberration,04,40,,,4.00
Couatl,Celestial,04,43,,,4.00
Deathlock,Undead,04,MK128,,,
Dybbuk,Fiend,04,MK132,,,
Elephant,Beast,04,322,,,4.00
Ettin,Giant,04,132,,,4.00
Flameskull,Undead,04,134,,,4.00
Ghost,Undead,04,147,,,4.00
Girallon,Monstrosity,04,V152,,,
Gnoll Fang of Yeenoghu,Humanoid,04,163,,,4.00
Helmed Horror,Construct,04,183,,,4.00
Hobgoblin Devastator,Humanoid,04,V161,,,
Iron Cobra,Construct,04,MK125,,,
Lamia,Monstrosity,04,201,,,4.00
Lizard King/Queen,Humanoid,04,205,,,4.00
Merregon,Fiend (Devil),04,MK166,,,
Merrow Shallowpriest,Monstrosity,04,W294,,,
Neogi Master,Aberration,04,V180,,,
Ogre Battering Ram,Giant,04,MK220,,,
Orc Blade of Ilneval,Humanoid,04,V183,,,
Orc War Chief,Humanoid,04,246,,,4.00
"Red Dragon, Wyrmling",Dragon,04,98,,,4.00
Shadow Demon,Fiend (Demon),04,64,https://www.aidedd.org/dnd/monstres.php?vo=shadow-demon,,4.00
Stegosaurus,Beast,04,V140,,,
Stone Defender,Construct,04,MK126,,,
Succubus/Incubus,Fiend,04,285,,,4.00
Warlock of the Archfey,Humanoid,04,V219,,,
Wereboar,Humanoid,04,209,,,4.00
Weretiger,Humanoid,04,210,,,4.00
Yeth Hound,Fey,04,V201,,,
Yuan-ti Mind Whisperer,Monstrosity,04,V204,,,
Yuan-ti Nighmare Speaker,Monstrosity,04,V205,,,
Adult Oblex,Ooze,05,MK218,,,
Air Elemental,Elemental,05,124,,,5.00
Allip,Undead,05,MK116,,,
Banderhobb,Monstrosity,05,V122,,,
Barbed Devil,Fiend (Devil),05,70,,,5.00
Barlgura,Fiend (Demon),05,56,https://www.aidedd.org/dnd/monstres.php?vo=barlgura,,5.00
Beholder Zombie,Undead,05,316,,,5.00
Blood Hunter,Humanoid,05,W284,,,
Brontosaurus,Beast,05,V139,,,
Bulette,Monstrosity,05,34,,,5.00
Cambion,Fiend,05,36,,,5.00
Catoblepas,Monstrosity,05,V129,,,
Drow Elite Warrior,Humanoid,05,128,,,5.00
Earth Elemental,Elemental,05,124,,,5.00
Enchanter,Humanoid,05,V213,,,
Fire Elemental,Elemental,05,125,,,5.00
Flesh Golem,Construct,05,169,,,5.00
Giant Crocodile,Beast,05,324,,,5.00
Giant Shark,Beast,05,328,,,5.00
Gladiator,Humanoid,05,346,,,5.00
Gorgon,Construct,05,171,,,5.00
Half-Red Dragon Veteran,Humanoid,05,180,,,5.00
Hill Giant,Giant,05,155,,,5.00
Kraken Priest,Humanoid,05,V215,,,
Kruthik Hive Lord,Monstrosity,05,MK212,,,
Master Thief,Humanoid,05,V216,,,
Mezzoloth,Fiend,05,313,,,5.00
Mindwitness,Aberration,05,V176,,,
Night Hag,Fiend,05,178,,,5.00
Oaken Bolter,Construct,05,MK126,,,
Otyugh,Aberration,05,248,,,5.00
Red Slaad,Aberration,05,276,,,5.00
Revenant,Undead,05,259,,,5.00
Roper,Monstrosity,05,261,,,5.00
Sahuagin Baron,Humanoid,05,264,,,5.00
Salamander,Elemental,05,266,,,5.00
Shadowghast,Undead,05,W299,,,
Shambling Mound,Plant,05,270,,,5.00
Spawn of Kyuss,Undead,05,V192,,,
Star Spawn Mangler,Aberration,05,MK236,,,
Swarm of Cranium Rats,Beast,05,V133,,,
Tanarukk,Fiend (demon),05,V186,,,
Tlincalli,Monstrosity,05,V193,,,
Transmuter,Humanoid,05,V218,,,
Triceratops,Beast,05,80,,,5.00
Troll,Giant,05,291,,,5.00
Umber Hulk,Monstrosity,05,292,,,5.00
Unicorn,Celestial,05,294,,,5.00
Vampire Spawn,Undead,05,298,,,5.00
Water Elemental,Elemental,05,125,,,5.00
Werebear,Humanoid,05,208,,,5.00
Wood Woad,Plant,05,V198,,,
Wraith,Undead,05,302,,,5.00
Xorn,Elemental,05,304,,,5.00
Young Remorhaz,Monstrosity,05,258,,,5.00
Yuan-ti Pit Master,Monstrosity,05,V206,,,
Annis Hag,Fey,06,V159,,,
Bodak,Undead,06,V127,,,
Chasme,Fiend (Demon),06,57,https://5e.tools/bestiary/chasme-mm.html,,6.00
Chimera,Monstrosity,06,39,,,6.00
Conjurer,Humanoid,06,V212,,,
Core Spawn Emissary,Aberration,06,W286,,,
Cyclops,Giant,06,45,,,6.00
Drider,Monstrosity,06,120,,,6.00
Duergar Warlord,Humanoid (Dwarf),06,MK192,,,
Galeb Duhr,Elemental,06,139,,,6.00
Gauth,Aberration,06,V125,,,
Githzerai Zerth,Humanoid,06,161,,,6.00
Gloomstalker ,Monstrosity,06,W291,,,
Hobgoblin Warlord,Humanoid,06,187,,,6.00
Invisible Stalker,Elemental,06,192,,,6.00
Kuo-Toa Archpriest,Humanoid,06,200,,,6.00
Mage,Humanoid,06,347,,,6.00
Mammoth,Beast,06,332,,,6.00
Medusa,Monstrosity,06,214,,,6.00
Mouth of Grolantor,Giant,06,V149,,,
Vrock,Fiend (Demon),06,64,,,6.00
Warlock of the Great Old One,Humanoid,06,V220,,,
White Abishai,Fiend (Devil),06,MK163,,,
Wyvern,Dragon,06,303,,,6.00
Young Brass Dragon,Dragon,06,105,,,6.00
Young White Dragon,Dragon,06,101,,,6.00
Air Elemental Myrmidon,Elemental,07,MK202,,,
Armanite,Fiend,07,MK131,,,
Bheur Hag,Fey,07,V160,,,
Black Abishai,Fiend (devil),07,MK160,,,
Blue Slaad,Aberration,07,276,,,7.00
Dhergoloth,Fiend (Yugoloth),07,MK248,,,
Draegloth,Fiend (demon),07,V141,https://5e.tools/bestiary/draegloth-vgm.html#google_vignette,,
Drow Mage,Humanoid,07,129,,,7.00
Earth Elemental Myrmidon,Elemental,07,MK202,,,
Fire Elemental Myrmidon,Elemental,07,MK203,,,
Giant Ape,Beast,07,323,https://roll20.net/compendium/dnd5e/Giant%20Ape#content,,7.00
Grick Alpha,Monstrosity,07,173,,,7.00
Korred,Fey,07,V168,,,
Maurezhi,Fiend (demon),07,MK133,https://5e.tools/bestiary/maurezhi-mtf.html,,
Mind Flayer,Aberration,07,222,,,7.00
Oni,Giant,07,239,,,7.00
Shadow Dancer,Humanoid (Elf),07,MK225,,,
Shield Guardian,Construct,07,271,,,7.00
Stone Giant,Giant,07,156,,,7.00
Swavain Basilisk,Monstrosity,07,W300,,,
The Lost,Monstrosity,07,MK233,,,
Venom Troll,Giant,07 ,MK245,https://dr-eigenvalue.github.io/bestiary/creature/venom-troll ,,
Warlock of the Fiend,Humanoid,07,V219,,,
Water Elemental Myrmidon,Elemental,07,MK203,,,
Young Black Dragon,Dragon,07,88,,,7.00
Young Copper Dragon,Dragon,07,111,,,7.00
Yuan-Ti Abomination,Monstrosity,07,308,,,7.00
Aeorian Reverser,Monstrosity,08,W284,,,
Assassin,Humanoid,08,343,,,8.00
Blackguard,Humanoid,08,V211,https://dr-eigenvalue.github.io/bestiary/creature/blackguard,,
Canoloth,Fiend (Yugoloth),08,MK247,,,
Chain Devil,Fiend (Devil),08,72,,,8.00
Cloaker,Aberration,08,41,,,8.00
Corpse Flower,Plant,08,MK127,,,
Deathlock Mastermind,Undead,08,MK129,,,
Diviner,Humanoid,08,V212,,,
Drow Priestess of Lolth,Humanoid,08,129,,,8.00
Fomorian,Giant,08,136,,,8.00
Frost Giant,Giant,08,155,,,8.00
Githyanki Knight,Humanoid,08,160,,,8.00
Green Slaad,Aberration,08,277,,,8.00
Hezrou,Fiend (Demon),08,60,https://www.dndbeyond.com/monsters/16922-hezrou,,8.00
Horizonback Tortoise,Monstrosity,08,W292,https://dr-eigenvalue.github.io/bestiary/creature/horizonback-tortoise,,
Howler,Fiend,08,MK210,,,
Hydra,Monstrosity,08,190,,,8.00
Shoosuva,Fiend (demon),08,V137,https://5e.tools/bestiary/shoosuva-vgm.html,,
Spirit Naga,Monstrosity,08,234,,,8.00
Sword Wraith Commander,Undead,08,MK241,,,
Tyrannosaurus Rex,Beast,08,80,,,8.00
Young Bronze Dragon,Dragon,08,108,,,8.00
Young Green Dragon,Dragon,08,94,,,8.00
Abjurer,Humanoid,09,V209,,,
Abominable Yeti,Monstrosity,09,306,,,9.00
Bone Devil,Fiend (Devil),09,71,,,9.00
Champion,Humanoid,09,V212,,,
Clay Golem,Construct,09,168,,,9.00
Cloud Giant,Giant,09,154,,,9.00
Drow House Captain,Humanoid (Elf),09,MK184,,,
Evoker,Humanoid,09,V214,,,
Fire Giant,Giant,09,154,,,9.00
Flind,Humanoid,09,V153,,,
Frost Giant Zombie,Giant,09,W288,,,
Frost Salamander,Elemental,09,MK223,,,
Glabrezu,Fiend (Demon),09,58,https://www.dndbeyond.com/monsters/16902-glabrezu,,9.00
Gloom Weaver,Humanoid (Elf),09,MK224,,,
Gray Slaad,Aberration,09,277,,,9.00
Hydroloth,Fiend (Yugoloth),09,MK249,,,
Necromancer,Humanoid,09,V217,,,
Nycaloth,Fiend,09,314,,,9.00
Rot Troll,Giant,09,MK244,,,
The Lonely,Monstrosity,09,MK232,,,
Treant,Plant,09,289,,,9.00
Ulitharid,Aberration,09,V175,,,
War Priest,Humanoid,09,V218,,,
Young Blue Dragon,Dragon,09,91,,,9.00
Young Silver Dragon,Dragon,09,118,,,9.00
Aboleth,Aberration,10,13,,,10.00
Aeorian Absorber,Monstrosity,10,W283,,,
Alhoon,Undead,10,V172,,,
Autumn Eladrin,Fey (Elf),10,MK195,,,
Death Kiss,Aberration,10,V124,,,
Death Slaad,Aberration,10,278,,,10.00
Deva,Celestial,10,16,,,10.00
Elder Oblex,Ooze,10,MK219,,,
Froghemoth,Monstrosity,10,V145,,,
Gearkeeper Construct,Construct,10,W290,,,
Githyanki Gish,Humanoid (Gith),10,MK205,,,
Githzerai Enlightened,Humanoid (Gith),10,MK208,,,
Guardian Naga,Monstrosity,10,234,,,10.00
Orthon,Fiend (Devil),10,MK169,,,
Spring Eladrin,Fey (Elf),10,MK196,,,
Star Spawn Hulk,Aberration,10 ,MK234,,,
Stone Giant Dreamwalker,Giant,10,V150,,,
Stone Golem,Construct,10,170,,,10.00
Summer Eladrin,Fey (Elf),10,MK196,,,
Winter Eladrin,Fey (Elf),10,MK197,,,
Yochlol,Fiend (Demon),10,65,https://dr-eigenvalue.github.io/bestiary/creature/yochlol,,10.00
Young Gold Dragon,Dragon,10,115,,,10.00
Young Red Dragon,Dragon,10,98,,,10.00
Alkilith,Fiend,11,MK130,,,
Balhannoth,Aberration,11,MK119,,,
Behir,Monstrosity,11,25,,,11.00
Cloud Giant Smiling One,Giant,11,V146,,,
Dao,Elemental,11,143,,,11.00
Djinni,Elemental,11,144,,,11.00
Drow Shadowblade,Humanoid (Elf),11,MK187,,,
Efreeti,Elemental,11,145,,,11.00
Gynosphinx,Monstrosity,11,282,,,11.00
Horned Devil,Fiend (Devil),11,74,,,11.00
Marid,Elemental,11,146,,,11.00
Morkoth,Aberration,11,V178,,,
Remorhaz,Monstrosity,11,258,,,11.00
Roc,Monstrosity,11,260,,,11.00
Soul Monger,Humanoid (Elf),11,MK226,,,
Spirit Troll,Giant,11,MK244,,,
The Hungry,Monstrosity,11,MK232,,,
Yagnoloth,Fiend (Yugoloth),11,MK252,,,
Aeorian Nullifier,Monstrosity,12,W283,,,
Arcanaloth,Fiend,12,313,,,12.00
Archdruid,Humanoid,12,V210,,,
Archmage,Humanoid,12,342,,,12.00
Boneclaw,Undead,12,MK121,,,
Duergar Despot,Humanoid (Dwarf),12,MK188,,,
Eidolon,Undead,12,MK194,,,
Eidolon Sacred Statue,Construct,--,MK194,,,
Erinyes,Fiend (Devil),12,73,,,12.00
Frost Giant Everlasting One,Giant,12,V148,,,
Githyanki Kith'rak,Humanoid (Gith),12,MK205,,,
Gray Render,Monstrosity,12,MK209,,,
Ki-rin,Celestial,12,V163,,,
Morkoth (in lair),Aberration,12,V178,,,
Oinoloth,Fiend (Yugoloth),12,MK251,,,
Sea Fury,Fey,12,W299,,,
Warlord,Humanoid,12,V220,,,
Yuan-ti Anathema,Monstrosity,12,V262,,,
Adult Brass Dragon,Dragon,13,105,,,13.00
Adult White Dragon,Dragon,13,101,,,13.00
Beholder,Aberration,13,28,,,13.00
Core Spawn Seer,Aberration,13,W286,,,
Devourer,Fiend,13,V138,,,
Dire Troll,Giant,13,MK243,,,
Drow Arachnomancer,Humanoid (Elf),13,MK182,,,
Nalfeshnee,Fiend (Demon),13,62,https://www.dndbeyond.com/monsters/16963-nalfeshnee,,13.00
Narzugon,Fiend (Devil),13,MK167,,,
Neothelid,Aberration,13,V181,,,
Rakshasa,Fiend,13,257,,,13.00
Shadow Dragon,Dragon,13,85,,,13.00
Star Spawn Seer,Aberration,13,MK236,,,
Storm Giant,Giant,13,156,,,13.00
The Angry,Monstrosity,13,MK231,,,
Ultroloth,Fiend,13,314,,,13.00
Vampire,Undead,13,297,,,13.00
Wastrilith,Fiend (demon),13,MK139,,,
Adult Black Dragon,Dragon,14,88,,,14.00
Adult Copper Dragon,Dragon,14,111,,,14.00
Cadaver Collector,Construct,14,MK122,,,
Death Tyrant,Undead,14,29,,,14.00
Drow Inquisitor,Humanoid (Elf),14,MK184,,,
Elder Brain,Aberration,14,V174,,,
Fire Giant Dreadnought,Giant,14,V147,,,
Githyanki Supreme Commander,Humanoid (Gith),14,MK206,,,
Ice Devil,Fiend (Devil),14,75,,,14.00
Retriever,Construct,14,MK222,,,
Adult Bronze Dragon,Dragon,15,108,,,15.00
Adult Green Dragon,Dragon,15,94,,,15.00
Core Spawn Worm,Aberration,15,W287,,,
Green Abishai,Fiend (Devil),15,MK162,,,
Mummy Lord,Undead,15,229,,,15.00
Nabassu,Fiend (demon),15,MK135,,,
Purple Worm,Monstrosity,15,255,,,15.00
Skull Lord,Undead,15,MK230,,,
Adult Blue Dragon,Dragon,16,91,,,16.00
Adult Silver Dragon,Dragon,16,117,,,16.00
Githzerai Anarch,Humanoid (Gith),16,MK207,,,
Hellfire Engine,Construct,16,MK165,,,
Iron Golem,Construct,16,170,,,16.00
Marilith,Fiend (Demon),16,61,,,16.00
Phoenix,Elemental,16,MK199,,,
Planetar,Celestial,16,17,,,16.00
Star Spawn Larva Mage,Aberration,16,MK235,,,
Steel Predator,Construct,16,MK239,,,
Storm Giant Quintessent,Giant,16,V151,,,
Titivilus,Fiend (Devil),16,MK179,,,
Udaak,Fiend,16,W301,,,
Adult Gold Dragon,Dragon,17,114,,,17.00
Adult Red Dragon,Dragon,17,98,,,17.00
Androsphinx,Monstrosity,17,281,,,17.00
Blue Abishai,Fiend (Devil),17,MK161,,,
Death Knight,Undead,17,47,,,17.00
Dracolich,Undead,17,84,,,17.00
Dragon Turtle,Dragon,17,119,,,17.00
Frost Worm,Monstrosity,17,W289,,,
Nagpa,Humanoid (Nagpa),17,MK215,,,
Goristro,Fiend (Demon),17,59,,,17.00
Amnizu,Fiend (devil),18,MK164,,,
Demilich,Undead,18,48,,,18.00
Drow Favored Consort,Humanoid (Elf),18,MK183,,,
Sibriex,Fiend (demon),18,MK137,,,
Bael,Fiend (devil),19,MK170,,,
Balor,Fiend (Demon),19,55,,,19.00
Red Abishai,Fiend (Devil),19,MK162,,,
Ancient Brass Dragon,Dragon,20,104,,,20.00
Ancient White Dragon,Dragon,20,100,,,20.00
Drow Matron Mother,Humanoid (Elf),20,MK186,,,
Leviathan,Elemental,20,MK198,,,
Nightwalker,Undead,20,MK216,,,
Pit Fiend,Fiend (Devil),20,77,,,20.00
Ancient Black Dragon,Dragon,21,87,,,21.00
Ancient Copper Dragon,Dragon,21,110,,,21.00
Astral Dreadnought,Monstrosity,21,MK117,,,
Hutijin,Fiend (Devil),21,MK175,,,
Lich,Undead,21,202,,,21.00
Moloch,Fiend (Devil),21,MK177,,,
Molydeus,Fiend (demon),21,MK134,,,
Solar,Celestial,21,18,,,21.00
Ancient Bronze Dragon,Dragon,22,107,,,22.00
Ancient Green Dragon,Dragon,22,93,,,22.00
Geryon,Fiend (Devil),22,MK173,,,
Mind Flayer lich (alhoon varient),Undead,22,V172,,,
Zaratan,Elemental,22,MK201,,,
Ancient Blue Dragon,Dragon,23,90,,,23.00
Ancient Silver Dragon,Dragon,23,116,,,23.00
Baphomet,Fiend (demon),23,MK143,,,
Elder Tempest,Elemental,23,MK200,,,
Empyrean,Celestial,23,130,,,23.00
Fraz-Urb'luu,Fiend (demon),23,MK146,,,
Juiblex,Fiend (demon),23,MK151,,,
Kraken,Monstrosity,23,197,,,23.00
Zuggtmoy,Fiend (demon),23,MK157,,,
Ancient Gold Dragon,Dragon,24,113,,,24.00
Ancient Red Dragon,Dragon,24,97,,,24.00
Graz'zt,"Fiend (demon, shapechanger)",24,MK149,,,
Yeenoghu,Fiend (demon) ,24,MK155,,,
Marut,Construct,25,MK213,,,
Demogorgon,Fiend (demon),26,MK144,https://www.aidedd.org/dnd/monstres.php?vo=demogorgon,,
Orcus,Fiend (demon),26,MK153,https://www.aidedd.org/dnd/monstres.php?vo=orcus,,
Zariel,Fiend (Devil),26,MK180,,,
Tarrasque,Monstrosity,30,286,,,30.00